{
    "contributors": [
        {
            "avatar_url": "https://avatars.githubusercontent.com/u/2170677?v=4",
            "contributions": 1865,
            "events_url": "https://api.github.com/users/ItsLemmy/events{/privacy}",
            "followers_url": "https://api.github.com/users/ItsLemmy/followers",
            "following_url": "https://api.github.com/users/ItsLemmy/following{/other_user}",
            "gists_url": "https://api.github.com/users/ItsLemmy/gists{/gist_id}",
            "gravatar_id": "",
            "html_url": "https://github.com/ItsLemmy",
            "id": 2170677,
            "login": "ItsLemmy",
            "node_id": "MDQ6VXNlcjIxNzA2Nzc=",
            "organizations_url": "https://api.github.com/users/ItsLemmy/orgs",
            "received_events_url": "https://api.github.com/users/ItsLemmy/received_events",
            "repos_url": "https://api.github.com/users/ItsLemmy/repos",
            "site_admin": false,
            "starred_url": "https://api.github.com/users/ItsLemmy/starred{/owner}{/repo}",
            "subscriptions_url": "https://api.github.com/users/ItsLemmy/subscriptions",
            "type": "User",
            "url": "https://api.github.com/users/ItsLemmy",
            "user_view_type": "public"
        },
        {
            "avatar_url": "https://avatars.githubusercontent.com/u/52084453?v=4",
            "contributions": 1082,
            "events_url": "https://api.github.com/users/Ly-sec/events{/privacy}",
            "followers_url": "https://api.github.com/users/Ly-sec/followers",
            "following_url": "https://api.github.com/users/Ly-sec/following{/other_user}",
            "gists_url": "https://api.github.com/users/Ly-sec/gists{/gist_id}",
            "gravatar_id": "",
            "html_url": "https://github.com/Ly-sec",
            "id": 52084453,
            "login": "Ly-sec",
            "node_id": "MDQ6VXNlcjUyMDg0NDUz",
            "organizations_url": "https://api.github.com/users/Ly-sec/orgs",
            "received_events_url": "https://api.github.com/users/Ly-sec/received_events",
            "repos_url": "https://api.github.com/users/Ly-sec/repos",
            "site_admin": false,
            "starred_url": "https://api.github.com/users/Ly-sec/starred{/owner}{/repo}",
            "subscriptions_url": "https://api.github.com/users/Ly-sec/subscriptions",
            "type": "User",
            "url": "https://api.github.com/users/Ly-sec",
            "user_view_type": "public"
        },
        {
            "avatar_url": "https://avatars.githubusercontent.com/u/68736947?v=4",
            "contributions": 137,
            "events_url": "https://api.github.com/users/lonerOrz/events{/privacy}",
            "followers_url": "https://api.github.com/users/lonerOrz/followers",
            "following_url": "https://api.github.com/users/lonerOrz/following{/other_user}",
            "gists_url": "https://api.github.com/users/lonerOrz/gists{/gist_id}",
            "gravatar_id": "",
            "html_url": "https://github.com/lonerOrz",
            "id": 68736947,
            "login": "lonerOrz",
            "node_id": "MDQ6VXNlcjY4NzM2OTQ3",
            "organizations_url": "https://api.github.com/users/lonerOrz/orgs",
            "received_events_url": "https://api.github.com/users/lonerOrz/received_events",
            "repos_url": "https://api.github.com/users/lonerOrz/repos",
            "site_admin": false,
            "starred_url": "https://api.github.com/users/lonerOrz/starred{/owner}{/repo}",
            "subscriptions_url": "https://api.github.com/users/lonerOrz/subscriptions",
            "type": "User",
            "url": "https://api.github.com/users/lonerOrz",
            "user_view_type": "public"
        },
        {
            "avatar_url": "https://avatars.githubusercontent.com/u/8398380?v=4",
            "contributions": 89,
            "events_url": "https://api.github.com/users/MrDowntempo/events{/privacy}",
            "followers_url": "https://api.github.com/users/MrDowntempo/followers",
            "following_url": "https://api.github.com/users/MrDowntempo/following{/other_user}",
            "gists_url": "https://api.github.com/users/MrDowntempo/gists{/gist_id}",
            "gravatar_id": "",
            "html_url": "https://github.com/MrDowntempo",
            "id": 8398380,
            "login": "MrDowntempo",
            "node_id": "MDQ6VXNlcjgzOTgzODA=",
            "organizations_url": "https://api.github.com/users/MrDowntempo/orgs",
            "received_events_url": "https://api.github.com/users/MrDowntempo/received_events",
            "repos_url": "https://api.github.com/users/MrDowntempo/repos",
            "site_admin": false,
            "starred_url": "https://api.github.com/users/MrDowntempo/starred{/owner}{/repo}",
            "subscriptions_url": "https://api.github.com/users/MrDowntempo/subscriptions",
            "type": "User",
            "url": "https://api.github.com/users/MrDowntempo",
            "user_view_type": "public"
        },
        {
            "avatar_url": "https://avatars.githubusercontent.com/u/113062544?v=4",
            "contributions": 71,
            "events_url": "https://api.github.com/users/damian-ds7/events{/privacy}",
            "followers_url": "https://api.github.com/users/damian-ds7/followers",
            "following_url": "https://api.github.com/users/damian-ds7/following{/other_user}",
            "gists_url": "https://api.github.com/users/damian-ds7/gists{/gist_id}",
            "gravatar_id": "",
            "html_url": "https://github.com/damian-ds7",
            "id": 113062544,
            "login": "damian-ds7",
            "node_id": "U_kgDOBr0ykA",
            "organizations_url": "https://api.github.com/users/damian-ds7/orgs",
            "received_events_url": "https://api.github.com/users/damian-ds7/received_events",
            "repos_url": "https://api.github.com/users/damian-ds7/repos",
            "site_admin": false,
            "starred_url": "https://api.github.com/users/damian-ds7/starred{/owner}{/repo}",
            "subscriptions_url": "https://api.github.com/users/damian-ds7/subscriptions",
            "type": "User",
            "url": "https://api.github.com/users/damian-ds7",
            "user_view_type": "public"
        },
        {
            "avatar_url": "https://avatars.githubusercontent.com/u/44733677?v=4",
            "contributions": 56,
            "events_url": "https://api.github.com/users/ThatOneCalculator/events{/privacy}",
            "followers_url": "https://api.github.com/users/ThatOneCalculator/followers",
            "following_url": "https://api.github.com/users/ThatOneCalculator/following{/other_user}",
            "gists_url": "https://api.github.com/users/ThatOneCalculator/gists{/gist_id}",
            "gravatar_id": "",
            "html_url": "https://github.com/ThatOneCalculator",
            "id": 44733677,
            "login": "ThatOneCalculator",
            "node_id": "MDQ6VXNlcjQ0NzMzNjc3",
            "organizations_url": "https://api.github.com/users/ThatOneCalculator/orgs",
            "received_events_url": "https://api.github.com/users/ThatOneCalculator/received_events",
            "repos_url": "https://api.github.com/users/ThatOneCalculator/repos",
            "site_admin": false,
            "starred_url": "https://api.github.com/users/ThatOneCalculator/starred{/owner}{/repo}",
            "subscriptions_url": "https://api.github.com/users/ThatOneCalculator/subscriptions",
            "type": "User",
            "url": "https://api.github.com/users/ThatOneCalculator",
            "user_view_type": "public"
        },
        {
            "avatar_url": "https://avatars.githubusercontent.com/u/482133?v=4",
            "contributions": 43,
            "events_url": "https://api.github.com/users/ferrreo/events{/privacy}",
            "followers_url": "https://api.github.com/users/ferrreo/followers",
            "following_url": "https://api.github.com/users/ferrreo/following{/other_user}",
            "gists_url": "https://api.github.com/users/ferrreo/gists{/gist_id}",
            "gravatar_id": "",
            "html_url": "https://github.com/ferrreo",
            "id": 482133,
            "login": "ferrreo",
            "node_id": "MDQ6VXNlcjQ4MjEzMw==",
            "organizations_url": "https://api.github.com/users/ferrreo/orgs",
            "received_events_url": "https://api.github.com/users/ferrreo/received_events",
            "repos_url": "https://api.github.com/users/ferrreo/repos",
            "site_admin": false,
            "starred_url": "https://api.github.com/users/ferrreo/starred{/owner}{/repo}",
            "subscriptions_url": "https://api.github.com/users/ferrreo/subscriptions",
            "type": "User",
            "url": "https://api.github.com/users/ferrreo",
            "user_view_type": "public"
        },
        {
            "avatar_url": "https://avatars.githubusercontent.com/u/85815288?v=4",
            "contributions": 38,
            "events_url": "https://api.github.com/users/JPratama7/events{/privacy}",
            "followers_url": "https://api.github.com/users/JPratama7/followers",
            "following_url": "https://api.github.com/users/JPratama7/following{/other_user}",
            "gists_url": "https://api.github.com/users/JPratama7/gists{/gist_id}",
            "gravatar_id": "",
            "html_url": "https://github.com/JPratama7",
            "id": 85815288,
            "login": "JPratama7",
            "node_id": "MDQ6VXNlcjg1ODE1Mjg4",
            "organizations_url": "https://api.github.com/users/JPratama7/orgs",
            "received_events_url": "https://api.github.com/users/JPratama7/received_events",
            "repos_url": "https://api.github.com/users/JPratama7/repos",
            "site_admin": false,
            "starred_url": "https://api.github.com/users/JPratama7/starred{/owner}{/repo}",
            "subscriptions_url": "https://api.github.com/users/JPratama7/subscriptions",
            "type": "User",
            "url": "https://api.github.com/users/JPratama7",
            "user_view_type": "public"
        },
        {
            "avatar_url": "https://avatars.githubusercontent.com/u/238434866?v=4",
            "contributions": 24,
            "events_url": "https://api.github.com/users/notiant/events{/privacy}",
            "followers_url": "https://api.github.com/users/notiant/followers",
            "following_url": "https://api.github.com/users/notiant/following{/other_user}",
            "gists_url": "https://api.github.com/users/notiant/gists{/gist_id}",
            "gravatar_id": "",
            "html_url": "https://github.com/notiant",
            "id": 238434866,
            "login": "notiant",
            "node_id": "U_kgDODjY6Mg",
            "organizations_url": "https://api.github.com/users/notiant/orgs",
            "received_events_url": "https://api.github.com/users/notiant/received_events",
            "repos_url": "https://api.github.com/users/notiant/repos",
            "site_admin": false,
            "starred_url": "https://api.github.com/users/notiant/starred{/owner}{/repo}",
            "subscriptions_url": "https://api.github.com/users/notiant/subscriptions",
            "type": "User",
            "url": "https://api.github.com/users/notiant",
            "user_view_type": "public"
        },
        {
            "avatar_url": "https://avatars.githubusercontent.com/u/10746692?v=4",
            "contributions": 23,
            "events_url": "https://api.github.com/users/luleyleo/events{/privacy}",
            "followers_url": "https://api.github.com/users/luleyleo/followers",
            "following_url": "https://api.github.com/users/luleyleo/following{/other_user}",
            "gists_url": "https://api.github.com/users/luleyleo/gists{/gist_id}",
            "gravatar_id": "",
            "html_url": "https://github.com/luleyleo",
            "id": 10746692,
            "login": "luleyleo",
            "node_id": "MDQ6VXNlcjEwNzQ2Njky",
            "organizations_url": "https://api.github.com/users/luleyleo/orgs",
            "received_events_url": "https://api.github.com/users/luleyleo/received_events",
            "repos_url": "https://api.github.com/users/luleyleo/repos",
            "site_admin": false,
            "starred_url": "https://api.github.com/users/luleyleo/starred{/owner}{/repo}",
            "subscriptions_url": "https://api.github.com/users/luleyleo/subscriptions",
            "type": "User",
            "url": "https://api.github.com/users/luleyleo",
            "user_view_type": "public"
        },
        {
            "avatar_url": "https://avatars.githubusercontent.com/u/87855491?v=4",
            "contributions": 20,
            "events_url": "https://api.github.com/users/Sighthesia/events{/privacy}",
            "followers_url": "https://api.github.com/users/Sighthesia/followers",
            "following_url": "https://api.github.com/users/Sighthesia/following{/other_user}",
            "gists_url": "https://api.github.com/users/Sighthesia/gists{/gist_id}",
            "gravatar_id": "",
            "html_url": "https://github.com/Sighthesia",
            "id": 87855491,
            "login": "Sighthesia",
            "node_id": "MDQ6VXNlcjg3ODU1NDkx",
            "organizations_url": "https://api.github.com/users/Sighthesia/orgs",
            "received_events_url": "https://api.github.com/users/Sighthesia/received_events",
            "repos_url": "https://api.github.com/users/Sighthesia/repos",
            "site_admin": false,
            "starred_url": "https://api.github.com/users/Sighthesia/starred{/owner}{/repo}",
            "subscriptions_url": "https://api.github.com/users/Sighthesia/subscriptions",
            "type": "User",
            "url": "https://api.github.com/users/Sighthesia",
            "user_view_type": "public"
        },
        {
            "avatar_url": "https://avatars.githubusercontent.com/u/204086464?v=4",
            "contributions": 16,
            "events_url": "https://api.github.com/users/wer-zen/events{/privacy}",
            "followers_url": "https://api.github.com/users/wer-zen/followers",
            "following_url": "https://api.github.com/users/wer-zen/following{/other_user}",
            "gists_url": "https://api.github.com/users/wer-zen/gists{/gist_id}",
            "gravatar_id": "",
            "html_url": "https://github.com/wer-zen",
            "id": 204086464,
            "login": "wer-zen",
            "node_id": "U_kgDODCocwA",
            "organizations_url": "https://api.github.com/users/wer-zen/orgs",
            "received_events_url": "https://api.github.com/users/wer-zen/received_events",
            "repos_url": "https://api.github.com/users/wer-zen/repos",
            "site_admin": false,
            "starred_url": "https://api.github.com/users/wer-zen/starred{/owner}{/repo}",
            "subscriptions_url": "https://api.github.com/users/wer-zen/subscriptions",
            "type": "User",
            "url": "https://api.github.com/users/wer-zen",
            "user_view_type": "public"
        },
        {
            "avatar_url": "https://avatars.githubusercontent.com/u/32937947?v=4",
            "contributions": 15,
            "events_url": "https://api.github.com/users/FUFSoB/events{/privacy}",
            "followers_url": "https://api.github.com/users/FUFSoB/followers",
            "following_url": "https://api.github.com/users/FUFSoB/following{/other_user}",
            "gists_url": "https://api.github.com/users/FUFSoB/gists{/gist_id}",
            "gravatar_id": "",
            "html_url": "https://github.com/FUFSoB",
            "id": 32937947,
            "login": "FUFSoB",
            "node_id": "MDQ6VXNlcjMyOTM3OTQ3",
            "organizations_url": "https://api.github.com/users/FUFSoB/orgs",
            "received_events_url": "https://api.github.com/users/FUFSoB/received_events",
            "repos_url": "https://api.github.com/users/FUFSoB/repos",
            "site_admin": false,
            "starred_url": "https://api.github.com/users/FUFSoB/starred{/owner}{/repo}",
            "subscriptions_url": "https://api.github.com/users/FUFSoB/subscriptions",
            "type": "User",
            "url": "https://api.github.com/users/FUFSoB",
            "user_view_type": "public"
        },
        {
            "avatar_url": "https://avatars.githubusercontent.com/u/17962044?v=4",
            "contributions": 14,
            "events_url": "https://api.github.com/users/anasgets111/events{/privacy}",
            "followers_url": "https://api.github.com/users/anasgets111/followers",
            "following_url": "https://api.github.com/users/anasgets111/following{/other_user}",
            "gists_url": "https://api.github.com/users/anasgets111/gists{/gist_id}",
            "gravatar_id": "",
            "html_url": "https://github.com/anasgets111",
            "id": 17962044,
            "login": "anasgets111",
            "node_id": "MDQ6VXNlcjE3OTYyMDQ0",
            "organizations_url": "https://api.github.com/users/anasgets111/orgs",
            "received_events_url": "https://api.github.com/users/anasgets111/received_events",
            "repos_url": "https://api.github.com/users/anasgets111/repos",
            "site_admin": false,
            "starred_url": "https://api.github.com/users/anasgets111/starred{/owner}{/repo}",
            "subscriptions_url": "https://api.github.com/users/anasgets111/subscriptions",
            "type": "User",
            "url": "https://api.github.com/users/anasgets111",
            "user_view_type": "public"
        },
        {
            "avatar_url": "https://avatars.githubusercontent.com/u/47445389?v=4",
            "contributions": 12,
            "events_url": "https://api.github.com/users/acdcbyl/events{/privacy}",
            "followers_url": "https://api.github.com/users/acdcbyl/followers",
            "following_url": "https://api.github.com/users/acdcbyl/following{/other_user}",
            "gists_url": "https://api.github.com/users/acdcbyl/gists{/gist_id}",
            "gravatar_id": "",
            "html_url": "https://github.com/acdcbyl",
            "id": 47445389,
            "login": "acdcbyl",
            "node_id": "MDQ6VXNlcjQ3NDQ1Mzg5",
            "organizations_url": "https://api.github.com/users/acdcbyl/orgs",
            "received_events_url": "https://api.github.com/users/acdcbyl/received_events",
            "repos_url": "https://api.github.com/users/acdcbyl/repos",
            "site_admin": false,
            "starred_url": "https://api.github.com/users/acdcbyl/starred{/owner}{/repo}",
            "subscriptions_url": "https://api.github.com/users/acdcbyl/subscriptions",
            "type": "User",
            "url": "https://api.github.com/users/acdcbyl",
            "user_view_type": "public"
        },
        {
            "avatar_url": "https://avatars.githubusercontent.com/u/20320695?v=4",
            "contributions": 10,
            "events_url": "https://api.github.com/users/ixxie/events{/privacy}",
            "followers_url": "https://api.github.com/users/ixxie/followers",
            "following_url": "https://api.github.com/users/ixxie/following{/other_user}",
            "gists_url": "https://api.github.com/users/ixxie/gists{/gist_id}",
            "gravatar_id": "",
            "html_url": "https://github.com/ixxie",
            "id": 20320695,
            "login": "ixxie",
            "node_id": "MDQ6VXNlcjIwMzIwNjk1",
            "organizations_url": "https://api.github.com/users/ixxie/orgs",
            "received_events_url": "https://api.github.com/users/ixxie/received_events",
            "repos_url": "https://api.github.com/users/ixxie/repos",
            "site_admin": false,
            "starred_url": "https://api.github.com/users/ixxie/starred{/owner}{/repo}",
            "subscriptions_url": "https://api.github.com/users/ixxie/subscriptions",
            "type": "User",
            "url": "https://api.github.com/users/ixxie",
            "user_view_type": "public"
        },
        {
            "avatar_url": "https://avatars.githubusercontent.com/u/215381750?v=4",
            "contributions": 10,
            "events_url": "https://api.github.com/users/GitUser-IamALIVE/events{/privacy}",
            "followers_url": "https://api.github.com/users/GitUser-IamALIVE/followers",
            "following_url": "https://api.github.com/users/GitUser-IamALIVE/following{/other_user}",
            "gists_url": "https://api.github.com/users/GitUser-IamALIVE/gists{/gist_id}",
            "gravatar_id": "",
            "html_url": "https://github.com/GitUser-IamALIVE",
            "id": 215381750,
            "login": "GitUser-IamALIVE",
            "node_id": "U_kgDODNZ29g",
            "organizations_url": "https://api.github.com/users/GitUser-IamALIVE/orgs",
            "received_events_url": "https://api.github.com/users/GitUser-IamALIVE/received_events",
            "repos_url": "https://api.github.com/users/GitUser-IamALIVE/repos",
            "site_admin": false,
            "starred_url": "https://api.github.com/users/GitUser-IamALIVE/starred{/owner}{/repo}",
            "subscriptions_url": "https://api.github.com/users/GitUser-IamALIVE/subscriptions",
            "type": "User",
            "url": "https://api.github.com/users/GitUser-IamALIVE",
            "user_view_type": "public"
        },
        {
            "avatar_url": "https://avatars.githubusercontent.com/u/36276973?v=4",
            "contributions": 9,
            "events_url": "https://api.github.com/users/lesi-nedo/events{/privacy}",
            "followers_url": "https://api.github.com/users/lesi-nedo/followers",
            "following_url": "https://api.github.com/users/lesi-nedo/following{/other_user}",
            "gists_url": "https://api.github.com/users/lesi-nedo/gists{/gist_id}",
            "gravatar_id": "",
            "html_url": "https://github.com/lesi-nedo",
            "id": 36276973,
            "login": "lesi-nedo",
            "node_id": "MDQ6VXNlcjM2Mjc2OTcz",
            "organizations_url": "https://api.github.com/users/lesi-nedo/orgs",
            "received_events_url": "https://api.github.com/users/lesi-nedo/received_events",
            "repos_url": "https://api.github.com/users/lesi-nedo/repos",
            "site_admin": false,
            "starred_url": "https://api.github.com/users/lesi-nedo/starred{/owner}{/repo}",
            "subscriptions_url": "https://api.github.com/users/lesi-nedo/subscriptions",
            "type": "User",
            "url": "https://api.github.com/users/lesi-nedo",
            "user_view_type": "public"
        },
        {
            "avatar_url": "https://avatars.githubusercontent.com/u/74325914?v=4",
            "contributions": 9,
            "events_url": "https://api.github.com/users/Sridou/events{/privacy}",
            "followers_url": "https://api.github.com/users/Sridou/followers",
            "following_url": "https://api.github.com/users/Sridou/following{/other_user}",
            "gists_url": "https://api.github.com/users/Sridou/gists{/gist_id}",
            "gravatar_id": "",
            "html_url": "https://github.com/Sridou",
            "id": 74325914,
            "login": "Sridou",
            "node_id": "MDQ6VXNlcjc0MzI1OTE0",
            "organizations_url": "https://api.github.com/users/Sridou/orgs",
            "received_events_url": "https://api.github.com/users/Sridou/received_events",
            "repos_url": "https://api.github.com/users/Sridou/repos",
            "site_admin": false,
            "starred_url": "https://api.github.com/users/Sridou/starred{/owner}{/repo}",
            "subscriptions_url": "https://api.github.com/users/Sridou/subscriptions",
            "type": "User",
            "url": "https://api.github.com/users/Sridou",
            "user_view_type": "public"
        },
        {
            "avatar_url": "https://avatars.githubusercontent.com/u/102619899?v=4",
            "contributions": 9,
            "events_url": "https://api.github.com/users/kevindiaz314/events{/privacy}",
            "followers_url": "https://api.github.com/users/kevindiaz314/followers",
            "following_url": "https://api.github.com/users/kevindiaz314/following{/other_user}",
            "gists_url": "https://api.github.com/users/kevindiaz314/gists{/gist_id}",
            "gravatar_id": "",
            "html_url": "https://github.com/kevindiaz314",
            "id": 102619899,
            "login": "kevindiaz314",
            "node_id": "U_kgDOBh3a-w",
            "organizations_url": "https://api.github.com/users/kevindiaz314/orgs",
            "received_events_url": "https://api.github.com/users/kevindiaz314/received_events",
            "repos_url": "https://api.github.com/users/kevindiaz314/repos",
            "site_admin": false,
            "starred_url": "https://api.github.com/users/kevindiaz314/starred{/owner}{/repo}",
            "subscriptions_url": "https://api.github.com/users/kevindiaz314/subscriptions",
            "type": "User",
            "url": "https://api.github.com/users/kevindiaz314",
            "user_view_type": "public"
        },
        {
            "avatar_url": "https://avatars.githubusercontent.com/u/22413202?v=4",
            "contributions": 7,
            "events_url": "https://api.github.com/users/dwuggh/events{/privacy}",
            "followers_url": "https://api.github.com/users/dwuggh/followers",
            "following_url": "https://api.github.com/users/dwuggh/following{/other_user}",
            "gists_url": "https://api.github.com/users/dwuggh/gists{/gist_id}",
            "gravatar_id": "",
            "html_url": "https://github.com/dwuggh",
            "id": 22413202,
            "login": "dwuggh",
            "node_id": "MDQ6VXNlcjIyNDEzMjAy",
            "organizations_url": "https://api.github.com/users/dwuggh/orgs",
            "received_events_url": "https://api.github.com/users/dwuggh/received_events",
            "repos_url": "https://api.github.com/users/dwuggh/repos",
            "site_admin": false,
            "starred_url": "https://api.github.com/users/dwuggh/starred{/owner}{/repo}",
            "subscriptions_url": "https://api.github.com/users/dwuggh/subscriptions",
            "type": "User",
            "url": "https://api.github.com/users/dwuggh",
            "user_view_type": "public"
        },
        {
            "avatar_url": "https://avatars.githubusercontent.com/u/854770?v=4",
            "contributions": 6,
            "events_url": "https://api.github.com/users/matejc/events{/privacy}",
            "followers_url": "https://api.github.com/users/matejc/followers",
            "following_url": "https://api.github.com/users/matejc/following{/other_user}",
            "gists_url": "https://api.github.com/users/matejc/gists{/gist_id}",
            "gravatar_id": "",
            "html_url": "https://github.com/matejc",
            "id": 854770,
            "login": "matejc",
            "node_id": "MDQ6VXNlcjg1NDc3MA==",
            "organizations_url": "https://api.github.com/users/matejc/orgs",
            "received_events_url": "https://api.github.com/users/matejc/received_events",
            "repos_url": "https://api.github.com/users/matejc/repos",
            "site_admin": false,
            "starred_url": "https://api.github.com/users/matejc/starred{/owner}{/repo}",
            "subscriptions_url": "https://api.github.com/users/matejc/subscriptions",
            "type": "User",
            "url": "https://api.github.com/users/matejc",
            "user_view_type": "public"
        },
        {
            "avatar_url": "https://avatars.githubusercontent.com/u/85693457?v=4",
            "contributions": 6,
            "events_url": "https://api.github.com/users/pugaizai/events{/privacy}",
            "followers_url": "https://api.github.com/users/pugaizai/followers",
            "following_url": "https://api.github.com/users/pugaizai/following{/other_user}",
            "gists_url": "https://api.github.com/users/pugaizai/gists{/gist_id}",
            "gravatar_id": "",
            "html_url": "https://github.com/pugaizai",
            "id": 85693457,
            "login": "pugaizai",
            "node_id": "MDQ6VXNlcjg1NjkzNDU3",
            "organizations_url": "https://api.github.com/users/pugaizai/orgs",
            "received_events_url": "https://api.github.com/users/pugaizai/received_events",
            "repos_url": "https://api.github.com/users/pugaizai/repos",
            "site_admin": false,
            "starred_url": "https://api.github.com/users/pugaizai/starred{/owner}{/repo}",
            "subscriptions_url": "https://api.github.com/users/pugaizai/subscriptions",
            "type": "User",
            "url": "https://api.github.com/users/pugaizai",
            "user_view_type": "public"
        },
        {
            "avatar_url": "https://avatars.githubusercontent.com/u/56370779?v=4",
            "contributions": 5,
            "events_url": "https://api.github.com/users/ecoskey/events{/privacy}",
            "followers_url": "https://api.github.com/users/ecoskey/followers",
            "following_url": "https://api.github.com/users/ecoskey/following{/other_user}",
            "gists_url": "https://api.github.com/users/ecoskey/gists{/gist_id}",
            "gravatar_id": "",
            "html_url": "https://github.com/ecoskey",
            "id": 56370779,
            "login": "ecoskey",
            "node_id": "MDQ6VXNlcjU2MzcwNzc5",
            "organizations_url": "https://api.github.com/users/ecoskey/orgs",
            "received_events_url": "https://api.github.com/users/ecoskey/received_events",
            "repos_url": "https://api.github.com/users/ecoskey/repos",
            "site_admin": false,
            "starred_url": "https://api.github.com/users/ecoskey/starred{/owner}{/repo}",
            "subscriptions_url": "https://api.github.com/users/ecoskey/subscriptions",
            "type": "User",
            "url": "https://api.github.com/users/ecoskey",
            "user_view_type": "public"
        },
        {
            "avatar_url": "https://avatars.githubusercontent.com/u/46532761?v=4",
            "contributions": 5,
            "events_url": "https://api.github.com/users/msdevpt/events{/privacy}",
            "followers_url": "https://api.github.com/users/msdevpt/followers",
            "following_url": "https://api.github.com/users/msdevpt/following{/other_user}",
            "gists_url": "https://api.github.com/users/msdevpt/gists{/gist_id}",
            "gravatar_id": "",
            "html_url": "https://github.com/msdevpt",
            "id": 46532761,
            "login": "msdevpt",
            "node_id": "MDQ6VXNlcjQ2NTMyNzYx",
            "organizations_url": "https://api.github.com/users/msdevpt/orgs",
            "received_events_url": "https://api.github.com/users/msdevpt/received_events",
            "repos_url": "https://api.github.com/users/msdevpt/repos",
            "site_admin": false,
            "starred_url": "https://api.github.com/users/msdevpt/starred{/owner}{/repo}",
            "subscriptions_url": "https://api.github.com/users/msdevpt/subscriptions",
            "type": "User",
            "url": "https://api.github.com/users/msdevpt",
            "user_view_type": "public"
        },
        {
            "avatar_url": "https://avatars.githubusercontent.com/u/66232628?v=4",
            "contributions": 5,
            "events_url": "https://api.github.com/users/MichaelThomas0721/events{/privacy}",
            "followers_url": "https://api.github.com/users/MichaelThomas0721/followers",
            "following_url": "https://api.github.com/users/MichaelThomas0721/following{/other_user}",
            "gists_url": "https://api.github.com/users/MichaelThomas0721/gists{/gist_id}",
            "gravatar_id": "",
            "html_url": "https://github.com/MichaelThomas0721",
            "id": 66232628,
            "login": "MichaelThomas0721",
            "node_id": "MDQ6VXNlcjY2MjMyNjI4",
            "organizations_url": "https://api.github.com/users/MichaelThomas0721/orgs",
            "received_events_url": "https://api.github.com/users/MichaelThomas0721/received_events",
            "repos_url": "https://api.github.com/users/MichaelThomas0721/repos",
            "site_admin": false,
            "starred_url": "https://api.github.com/users/MichaelThomas0721/starred{/owner}{/repo}",
            "subscriptions_url": "https://api.github.com/users/MichaelThomas0721/subscriptions",
            "type": "User",
            "url": "https://api.github.com/users/MichaelThomas0721",
            "user_view_type": "public"
        },
        {
            "avatar_url": "https://avatars.githubusercontent.com/u/193465580?v=4",
            "contributions": 5,
            "events_url": "https://api.github.com/users/bokicoder/events{/privacy}",
            "followers_url": "https://api.github.com/users/bokicoder/followers",
            "following_url": "https://api.github.com/users/bokicoder/following{/other_user}",
            "gists_url": "https://api.github.com/users/bokicoder/gists{/gist_id}",
            "gravatar_id": "",
            "html_url": "https://github.com/bokicoder",
            "id": 193465580,
            "login": "bokicoder",
            "node_id": "U_kgDOC4gM7A",
            "organizations_url": "https://api.github.com/users/bokicoder/orgs",
            "received_events_url": "https://api.github.com/users/bokicoder/received_events",
            "repos_url": "https://api.github.com/users/bokicoder/repos",
            "site_admin": false,
            "starred_url": "https://api.github.com/users/bokicoder/starred{/owner}{/repo}",
            "subscriptions_url": "https://api.github.com/users/bokicoder/subscriptions",
            "type": "User",
            "url": "https://api.github.com/users/bokicoder",
            "user_view_type": "public"
        },
        {
            "avatar_url": "https://avatars.githubusercontent.com/u/125062?v=4",
            "contributions": 4,
            "events_url": "https://api.github.com/users/keis/events{/privacy}",
            "followers_url": "https://api.github.com/users/keis/followers",
            "following_url": "https://api.github.com/users/keis/following{/other_user}",
            "gists_url": "https://api.github.com/users/keis/gists{/gist_id}",
            "gravatar_id": "",
            "html_url": "https://github.com/keis",
            "id": 125062,
            "login": "keis",
            "node_id": "MDQ6VXNlcjEyNTA2Mg==",
            "organizations_url": "https://api.github.com/users/keis/orgs",
            "received_events_url": "https://api.github.com/users/keis/received_events",
            "repos_url": "https://api.github.com/users/keis/repos",
            "site_admin": false,
            "starred_url": "https://api.github.com/users/keis/starred{/owner}{/repo}",
            "subscriptions_url": "https://api.github.com/users/keis/subscriptions",
            "type": "User",
            "url": "https://api.github.com/users/keis",
            "user_view_type": "public"
        },
        {
            "avatar_url": "https://avatars.githubusercontent.com/u/20642596?v=4",
            "contributions": 4,
            "events_url": "https://api.github.com/users/sakarie9/events{/privacy}",
            "followers_url": "https://api.github.com/users/sakarie9/followers",
            "following_url": "https://api.github.com/users/sakarie9/following{/other_user}",
            "gists_url": "https://api.github.com/users/sakarie9/gists{/gist_id}",
            "gravatar_id": "",
            "html_url": "https://github.com/sakarie9",
            "id": 20642596,
            "login": "sakarie9",
            "node_id": "MDQ6VXNlcjIwNjQyNTk2",
            "organizations_url": "https://api.github.com/users/sakarie9/orgs",
            "received_events_url": "https://api.github.com/users/sakarie9/received_events",
            "repos_url": "https://api.github.com/users/sakarie9/repos",
            "site_admin": false,
            "starred_url": "https://api.github.com/users/sakarie9/starred{/owner}{/repo}",
            "subscriptions_url": "https://api.github.com/users/sakarie9/subscriptions",
            "type": "User",
            "url": "https://api.github.com/users/sakarie9",
            "user_view_type": "public"
        },
        {
            "avatar_url": "https://avatars.githubusercontent.com/u/92603490?v=4",
            "contributions": 3,
            "events_url": "https://api.github.com/users/mkuritsu/events{/privacy}",
            "followers_url": "https://api.github.com/users/mkuritsu/followers",
            "following_url": "https://api.github.com/users/mkuritsu/following{/other_user}",
            "gists_url": "https://api.github.com/users/mkuritsu/gists{/gist_id}",
            "gravatar_id": "",
            "html_url": "https://github.com/mkuritsu",
            "id": 92603490,
            "login": "mkuritsu",
            "node_id": "U_kgDOBYUEYg",
            "organizations_url": "https://api.github.com/users/mkuritsu/orgs",
            "received_events_url": "https://api.github.com/users/mkuritsu/received_events",
            "repos_url": "https://api.github.com/users/mkuritsu/repos",
            "site_admin": false,
            "starred_url": "https://api.github.com/users/mkuritsu/starred{/owner}{/repo}",
            "subscriptions_url": "https://api.github.com/users/mkuritsu/subscriptions",
            "type": "User",
            "url": "https://api.github.com/users/mkuritsu",
            "user_view_type": "public"
        },
        {
            "avatar_url": "https://avatars.githubusercontent.com/u/2947276?v=4",
            "contributions": 3,
            "events_url": "https://api.github.com/users/leiserfg/events{/privacy}",
            "followers_url": "https://api.github.com/users/leiserfg/followers",
            "following_url": "https://api.github.com/users/leiserfg/following{/other_user}",
            "gists_url": "https://api.github.com/users/leiserfg/gists{/gist_id}",
            "gravatar_id": "",
            "html_url": "https://github.com/leiserfg",
            "id": 2947276,
            "login": "leiserfg",
            "node_id": "MDQ6VXNlcjI5NDcyNzY=",
            "organizations_url": "https://api.github.com/users/leiserfg/orgs",
            "received_events_url": "https://api.github.com/users/leiserfg/received_events",
            "repos_url": "https://api.github.com/users/leiserfg/repos",
            "site_admin": false,
            "starred_url": "https://api.github.com/users/leiserfg/starred{/owner}{/repo}",
            "subscriptions_url": "https://api.github.com/users/leiserfg/subscriptions",
            "type": "User",
            "url": "https://api.github.com/users/leiserfg",
            "user_view_type": "public"
        },
        {
            "avatar_url": "https://avatars.githubusercontent.com/u/20051140?v=4",
            "contributions": 3,
            "events_url": "https://api.github.com/users/herobrauni/events{/privacy}",
            "followers_url": "https://api.github.com/users/herobrauni/followers",
            "following_url": "https://api.github.com/users/herobrauni/following{/other_user}",
            "gists_url": "https://api.github.com/users/herobrauni/gists{/gist_id}",
            "gravatar_id": "",
            "html_url": "https://github.com/herobrauni",
            "id": 20051140,
            "login": "herobrauni",
            "node_id": "MDQ6VXNlcjIwMDUxMTQw",
            "organizations_url": "https://api.github.com/users/herobrauni/orgs",
            "received_events_url": "https://api.github.com/users/herobrauni/received_events",
            "repos_url": "https://api.github.com/users/herobrauni/repos",
            "site_admin": false,
            "starred_url": "https://api.github.com/users/herobrauni/starred{/owner}{/repo}",
            "subscriptions_url": "https://api.github.com/users/herobrauni/subscriptions",
            "type": "User",
            "url": "https://api.github.com/users/herobrauni",
            "user_view_type": "public"
        },
        {
            "avatar_url": "https://avatars.githubusercontent.com/u/103486923?v=4",
            "contributions": 3,
            "events_url": "https://api.github.com/users/Mtendekuyokwa19/events{/privacy}",
            "followers_url": "https://api.github.com/users/Mtendekuyokwa19/followers",
            "following_url": "https://api.github.com/users/Mtendekuyokwa19/following{/other_user}",
            "gists_url": "https://api.github.com/users/Mtendekuyokwa19/gists{/gist_id}",
            "gravatar_id": "",
            "html_url": "https://github.com/Mtendekuyokwa19",
            "id": 103486923,
            "login": "Mtendekuyokwa19",
            "node_id": "U_kgDOBisVyw",
            "organizations_url": "https://api.github.com/users/Mtendekuyokwa19/orgs",
            "received_events_url": "https://api.github.com/users/Mtendekuyokwa19/received_events",
            "repos_url": "https://api.github.com/users/Mtendekuyokwa19/repos",
            "site_admin": false,
            "starred_url": "https://api.github.com/users/Mtendekuyokwa19/starred{/owner}{/repo}",
            "subscriptions_url": "https://api.github.com/users/Mtendekuyokwa19/subscriptions",
            "type": "User",
            "url": "https://api.github.com/users/Mtendekuyokwa19",
            "user_view_type": "public"
        },
        {
            "avatar_url": "https://avatars.githubusercontent.com/u/75372052?v=4",
            "contributions": 3,
            "events_url": "https://api.github.com/users/DuckySoLucky/events{/privacy}",
            "followers_url": "https://api.github.com/users/DuckySoLucky/followers",
            "following_url": "https://api.github.com/users/DuckySoLucky/following{/other_user}",
            "gists_url": "https://api.github.com/users/DuckySoLucky/gists{/gist_id}",
            "gravatar_id": "",
            "html_url": "https://github.com/DuckySoLucky",
            "id": 75372052,
            "login": "DuckySoLucky",
            "node_id": "MDQ6VXNlcjc1MzcyMDUy",
            "organizations_url": "https://api.github.com/users/DuckySoLucky/orgs",
            "received_events_url": "https://api.github.com/users/DuckySoLucky/received_events",
            "repos_url": "https://api.github.com/users/DuckySoLucky/repos",
            "site_admin": false,
            "starred_url": "https://api.github.com/users/DuckySoLucky/starred{/owner}{/repo}",
            "subscriptions_url": "https://api.github.com/users/DuckySoLucky/subscriptions",
            "type": "User",
            "url": "https://api.github.com/users/DuckySoLucky",
            "user_view_type": "public"
        },
        {
            "avatar_url": "https://avatars.githubusercontent.com/u/11327220?v=4",
            "contributions": 3,
            "events_url": "https://api.github.com/users/nollidnosnhoj/events{/privacy}",
            "followers_url": "https://api.github.com/users/nollidnosnhoj/followers",
            "following_url": "https://api.github.com/users/nollidnosnhoj/following{/other_user}",
            "gists_url": "https://api.github.com/users/nollidnosnhoj/gists{/gist_id}",
            "gravatar_id": "",
            "html_url": "https://github.com/nollidnosnhoj",
            "id": 11327220,
            "login": "nollidnosnhoj",
            "node_id": "MDQ6VXNlcjExMzI3MjIw",
            "organizations_url": "https://api.github.com/users/nollidnosnhoj/orgs",
            "received_events_url": "https://api.github.com/users/nollidnosnhoj/received_events",
            "repos_url": "https://api.github.com/users/nollidnosnhoj/repos",
            "site_admin": false,
            "starred_url": "https://api.github.com/users/nollidnosnhoj/starred{/owner}{/repo}",
            "subscriptions_url": "https://api.github.com/users/nollidnosnhoj/subscriptions",
            "type": "User",
            "url": "https://api.github.com/users/nollidnosnhoj",
            "user_view_type": "public"
        },
        {
            "avatar_url": "https://avatars.githubusercontent.com/u/158203519?v=4",
            "contributions": 2,
            "events_url": "https://api.github.com/users/4fd485/events{/privacy}",
            "followers_url": "https://api.github.com/users/4fd485/followers",
            "following_url": "https://api.github.com/users/4fd485/following{/other_user}",
            "gists_url": "https://api.github.com/users/4fd485/gists{/gist_id}",
            "gravatar_id": "",
            "html_url": "https://github.com/4fd485",
            "id": 158203519,
            "login": "4fd485",
            "node_id": "U_kgDOCW3-fw",
            "organizations_url": "https://api.github.com/users/4fd485/orgs",
            "received_events_url": "https://api.github.com/users/4fd485/received_events",
            "repos_url": "https://api.github.com/users/4fd485/repos",
            "site_admin": false,
            "starred_url": "https://api.github.com/users/4fd485/starred{/owner}{/repo}",
            "subscriptions_url": "https://api.github.com/users/4fd485/subscriptions",
            "type": "User",
            "url": "https://api.github.com/users/4fd485",
            "user_view_type": "public"
        },
        {
            "avatar_url": "https://avatars.githubusercontent.com/u/224275474?v=4",
            "contributions": 2,
            "events_url": "https://api.github.com/users/DiscoCevapi/events{/privacy}",
            "followers_url": "https://api.github.com/users/DiscoCevapi/followers",
            "following_url": "https://api.github.com/users/DiscoCevapi/following{/other_user}",
            "gists_url": "https://api.github.com/users/DiscoCevapi/gists{/gist_id}",
            "gravatar_id": "",
            "html_url": "https://github.com/DiscoCevapi",
            "id": 224275474,
            "login": "DiscoCevapi",
            "node_id": "U_kgDODV4sEg",
            "organizations_url": "https://api.github.com/users/DiscoCevapi/orgs",
            "received_events_url": "https://api.github.com/users/DiscoCevapi/received_events",
            "repos_url": "https://api.github.com/users/DiscoCevapi/repos",
            "site_admin": false,
            "starred_url": "https://api.github.com/users/DiscoCevapi/starred{/owner}{/repo}",
            "subscriptions_url": "https://api.github.com/users/DiscoCevapi/subscriptions",
            "type": "User",
            "url": "https://api.github.com/users/DiscoCevapi",
            "user_view_type": "public"
        },
        {
            "avatar_url": "https://avatars.githubusercontent.com/u/6180877?v=4",
            "contributions": 2,
            "events_url": "https://api.github.com/users/MarkusVolk/events{/privacy}",
            "followers_url": "https://api.github.com/users/MarkusVolk/followers",
            "following_url": "https://api.github.com/users/MarkusVolk/following{/other_user}",
            "gists_url": "https://api.github.com/users/MarkusVolk/gists{/gist_id}",
            "gravatar_id": "",
            "html_url": "https://github.com/MarkusVolk",
            "id": 6180877,
            "login": "MarkusVolk",
            "node_id": "MDQ6VXNlcjYxODA4Nzc=",
            "organizations_url": "https://api.github.com/users/MarkusVolk/orgs",
            "received_events_url": "https://api.github.com/users/MarkusVolk/received_events",
            "repos_url": "https://api.github.com/users/MarkusVolk/repos",
            "site_admin": false,
            "starred_url": "https://api.github.com/users/MarkusVolk/starred{/owner}{/repo}",
            "subscriptions_url": "https://api.github.com/users/MarkusVolk/subscriptions",
            "type": "User",
            "url": "https://api.github.com/users/MarkusVolk",
            "user_view_type": "public"
        },
        {
            "avatar_url": "https://avatars.githubusercontent.com/u/58924942?v=4",
            "contributions": 2,
            "events_url": "https://api.github.com/users/Amadoabad/events{/privacy}",
            "followers_url": "https://api.github.com/users/Amadoabad/followers",
            "following_url": "https://api.github.com/users/Amadoabad/following{/other_user}",
            "gists_url": "https://api.github.com/users/Amadoabad/gists{/gist_id}",
            "gravatar_id": "",
            "html_url": "https://github.com/Amadoabad",
            "id": 58924942,
            "login": "Amadoabad",
            "node_id": "MDQ6VXNlcjU4OTI0OTQy",
            "organizations_url": "https://api.github.com/users/Amadoabad/orgs",
            "received_events_url": "https://api.github.com/users/Amadoabad/received_events",
            "repos_url": "https://api.github.com/users/Amadoabad/repos",
            "site_admin": false,
            "starred_url": "https://api.github.com/users/Amadoabad/starred{/owner}{/repo}",
            "subscriptions_url": "https://api.github.com/users/Amadoabad/subscriptions",
            "type": "User",
            "url": "https://api.github.com/users/Amadoabad",
            "user_view_type": "public"
        },
        {
            "avatar_url": "https://avatars.githubusercontent.com/u/526598?v=4",
            "contributions": 2,
            "events_url": "https://api.github.com/users/shouya/events{/privacy}",
            "followers_url": "https://api.github.com/users/shouya/followers",
            "following_url": "https://api.github.com/users/shouya/following{/other_user}",
            "gists_url": "https://api.github.com/users/shouya/gists{/gist_id}",
            "gravatar_id": "",
            "html_url": "https://github.com/shouya",
            "id": 526598,
            "login": "shouya",
            "node_id": "MDQ6VXNlcjUyNjU5OA==",
            "organizations_url": "https://api.github.com/users/shouya/orgs",
            "received_events_url": "https://api.github.com/users/shouya/received_events",
            "repos_url": "https://api.github.com/users/shouya/repos",
            "site_admin": false,
            "starred_url": "https://api.github.com/users/shouya/starred{/owner}{/repo}",
            "subscriptions_url": "https://api.github.com/users/shouya/subscriptions",
            "type": "User",
            "url": "https://api.github.com/users/shouya",
            "user_view_type": "public"
        },
        {
            "avatar_url": "https://avatars.githubusercontent.com/u/19613657?v=4",
            "contributions": 1,
            "events_url": "https://api.github.com/users/BinaryQuantumSoul/events{/privacy}",
            "followers_url": "https://api.github.com/users/BinaryQuantumSoul/followers",
            "following_url": "https://api.github.com/users/BinaryQuantumSoul/following{/other_user}",
            "gists_url": "https://api.github.com/users/BinaryQuantumSoul/gists{/gist_id}",
            "gravatar_id": "",
            "html_url": "https://github.com/BinaryQuantumSoul",
            "id": 19613657,
            "login": "BinaryQuantumSoul",
            "node_id": "MDQ6VXNlcjE5NjEzNjU3",
            "organizations_url": "https://api.github.com/users/BinaryQuantumSoul/orgs",
            "received_events_url": "https://api.github.com/users/BinaryQuantumSoul/received_events",
            "repos_url": "https://api.github.com/users/BinaryQuantumSoul/repos",
            "site_admin": false,
            "starred_url": "https://api.github.com/users/BinaryQuantumSoul/starred{/owner}{/repo}",
            "subscriptions_url": "https://api.github.com/users/BinaryQuantumSoul/subscriptions",
            "type": "User",
            "url": "https://api.github.com/users/BinaryQuantumSoul",
            "user_view_type": "public"
        },
        {
            "avatar_url": "https://avatars.githubusercontent.com/u/160051851?v=4",
            "contributions": 1,
            "events_url": "https://api.github.com/users/rXelelo/events{/privacy}",
            "followers_url": "https://api.github.com/users/rXelelo/followers",
            "following_url": "https://api.github.com/users/rXelelo/following{/other_user}",
            "gists_url": "https://api.github.com/users/rXelelo/gists{/gist_id}",
            "gravatar_id": "",
            "html_url": "https://github.com/rXelelo",
            "id": 160051851,
            "login": "rXelelo",
            "node_id": "U_kgDOCYoyiw",
            "organizations_url": "https://api.github.com/users/rXelelo/orgs",
            "received_events_url": "https://api.github.com/users/rXelelo/received_events",
            "repos_url": "https://api.github.com/users/rXelelo/repos",
            "site_admin": false,
            "starred_url": "https://api.github.com/users/rXelelo/starred{/owner}{/repo}",
            "subscriptions_url": "https://api.github.com/users/rXelelo/subscriptions",
            "type": "User",
            "url": "https://api.github.com/users/rXelelo",
            "user_view_type": "public"
        },
        {
            "avatar_url": "https://avatars.githubusercontent.com/u/8297347?v=4",
            "contributions": 1,
            "events_url": "https://api.github.com/users/SeraphimRP/events{/privacy}",
            "followers_url": "https://api.github.com/users/SeraphimRP/followers",
            "following_url": "https://api.github.com/users/SeraphimRP/following{/other_user}",
            "gists_url": "https://api.github.com/users/SeraphimRP/gists{/gist_id}",
            "gravatar_id": "",
            "html_url": "https://github.com/SeraphimRP",
            "id": 8297347,
            "login": "SeraphimRP",
            "node_id": "MDQ6VXNlcjgyOTczNDc=",
            "organizations_url": "https://api.github.com/users/SeraphimRP/orgs",
            "received_events_url": "https://api.github.com/users/SeraphimRP/received_events",
            "repos_url": "https://api.github.com/users/SeraphimRP/repos",
            "site_admin": false,
            "starred_url": "https://api.github.com/users/SeraphimRP/starred{/owner}{/repo}",
            "subscriptions_url": "https://api.github.com/users/SeraphimRP/subscriptions",
            "type": "User",
            "url": "https://api.github.com/users/SeraphimRP",
            "user_view_type": "public"
        },
        {
            "avatar_url": "https://avatars.githubusercontent.com/u/49660929?v=4",
            "contributions": 1,
            "events_url": "https://api.github.com/users/SailorSnoW/events{/privacy}",
            "followers_url": "https://api.github.com/users/SailorSnoW/followers",
            "following_url": "https://api.github.com/users/SailorSnoW/following{/other_user}",
            "gists_url": "https://api.github.com/users/SailorSnoW/gists{/gist_id}",
            "gravatar_id": "",
            "html_url": "https://github.com/SailorSnoW",
            "id": 49660929,
            "login": "SailorSnoW",
            "node_id": "MDQ6VXNlcjQ5NjYwOTI5",
            "organizations_url": "https://api.github.com/users/SailorSnoW/orgs",
            "received_events_url": "https://api.github.com/users/SailorSnoW/received_events",
            "repos_url": "https://api.github.com/users/SailorSnoW/repos",
            "site_admin": false,
            "starred_url": "https://api.github.com/users/SailorSnoW/starred{/owner}{/repo}",
            "subscriptions_url": "https://api.github.com/users/SailorSnoW/subscriptions",
            "type": "User",
            "url": "https://api.github.com/users/SailorSnoW",
            "user_view_type": "public"
        },
        {
            "avatar_url": "https://avatars.githubusercontent.com/u/32217975?v=4",
            "contributions": 1,
            "events_url": "https://api.github.com/users/couchpotato007/events{/privacy}",
            "followers_url": "https://api.github.com/users/couchpotato007/followers",
            "following_url": "https://api.github.com/users/couchpotato007/following{/other_user}",
            "gists_url": "https://api.github.com/users/couchpotato007/gists{/gist_id}",
            "gravatar_id": "",
            "html_url": "https://github.com/couchpotato007",
            "id": 32217975,
            "login": "couchpotato007",
            "node_id": "MDQ6VXNlcjMyMjE3OTc1",
            "organizations_url": "https://api.github.com/users/couchpotato007/orgs",
            "received_events_url": "https://api.github.com/users/couchpotato007/received_events",
            "repos_url": "https://api.github.com/users/couchpotato007/repos",
            "site_admin": false,
            "starred_url": "https://api.github.com/users/couchpotato007/starred{/owner}{/repo}",
            "subscriptions_url": "https://api.github.com/users/couchpotato007/subscriptions",
            "type": "User",
            "url": "https://api.github.com/users/couchpotato007",
            "user_view_type": "public"
        },
        {
            "avatar_url": "https://avatars.githubusercontent.com/u/798935?v=4",
            "contributions": 1,
            "events_url": "https://api.github.com/users/xqwzts/events{/privacy}",
            "followers_url": "https://api.github.com/users/xqwzts/followers",
            "following_url": "https://api.github.com/users/xqwzts/following{/other_user}",
            "gists_url": "https://api.github.com/users/xqwzts/gists{/gist_id}",
            "gravatar_id": "",
            "html_url": "https://github.com/xqwzts",
            "id": 798935,
            "login": "xqwzts",
            "node_id": "MDQ6VXNlcjc5ODkzNQ==",
            "organizations_url": "https://api.github.com/users/xqwzts/orgs",
            "received_events_url": "https://api.github.com/users/xqwzts/received_events",
            "repos_url": "https://api.github.com/users/xqwzts/repos",
            "site_admin": false,
            "starred_url": "https://api.github.com/users/xqwzts/starred{/owner}{/repo}",
            "subscriptions_url": "https://api.github.com/users/xqwzts/subscriptions",
            "type": "User",
            "url": "https://api.github.com/users/xqwzts",
            "user_view_type": "public"
        },
        {
            "avatar_url": "https://avatars.githubusercontent.com/u/103014721?v=4",
            "contributions": 1,
            "events_url": "https://api.github.com/users/wyfyjohnson/events{/privacy}",
            "followers_url": "https://api.github.com/users/wyfyjohnson/followers",
            "following_url": "https://api.github.com/users/wyfyjohnson/following{/other_user}",
            "gists_url": "https://api.github.com/users/wyfyjohnson/gists{/gist_id}",
            "gravatar_id": "",
            "html_url": "https://github.com/wyfyjohnson",
            "id": 103014721,
            "login": "wyfyjohnson",
            "node_id": "U_kgDOBiPhQQ",
            "organizations_url": "https://api.github.com/users/wyfyjohnson/orgs",
            "received_events_url": "https://api.github.com/users/wyfyjohnson/received_events",
            "repos_url": "https://api.github.com/users/wyfyjohnson/repos",
            "site_admin": false,
            "starred_url": "https://api.github.com/users/wyfyjohnson/starred{/owner}{/repo}",
            "subscriptions_url": "https://api.github.com/users/wyfyjohnson/subscriptions",
            "type": "User",
            "url": "https://api.github.com/users/wyfyjohnson",
            "user_view_type": "public"
        },
        {
            "avatar_url": "https://avatars.githubusercontent.com/u/59392138?v=4",
            "contributions": 1,
            "events_url": "https://api.github.com/users/c2fc2f/events{/privacy}",
            "followers_url": "https://api.github.com/users/c2fc2f/followers",
            "following_url": "https://api.github.com/users/c2fc2f/following{/other_user}",
            "gists_url": "https://api.github.com/users/c2fc2f/gists{/gist_id}",
            "gravatar_id": "",
            "html_url": "https://github.com/c2fc2f",
            "id": 59392138,
            "login": "c2fc2f",
            "node_id": "MDQ6VXNlcjU5MzkyMTM4",
            "organizations_url": "https://api.github.com/users/c2fc2f/orgs",
            "received_events_url": "https://api.github.com/users/c2fc2f/received_events",
            "repos_url": "https://api.github.com/users/c2fc2f/repos",
            "site_admin": false,
            "starred_url": "https://api.github.com/users/c2fc2f/starred{/owner}{/repo}",
            "subscriptions_url": "https://api.github.com/users/c2fc2f/subscriptions",
            "type": "User",
            "url": "https://api.github.com/users/c2fc2f",
            "user_view_type": "public"
        },
        {
            "avatar_url": "https://avatars.githubusercontent.com/u/75182926?v=4",
            "contributions": 1,
            "events_url": "https://api.github.com/users/povvke/events{/privacy}",
            "followers_url": "https://api.github.com/users/povvke/followers",
            "following_url": "https://api.github.com/users/povvke/following{/other_user}",
            "gists_url": "https://api.github.com/users/povvke/gists{/gist_id}",
            "gravatar_id": "",
            "html_url": "https://github.com/povvke",
            "id": 75182926,
            "login": "povvke",
            "node_id": "MDQ6VXNlcjc1MTgyOTI2",
            "organizations_url": "https://api.github.com/users/povvke/orgs",
            "received_events_url": "https://api.github.com/users/povvke/received_events",
            "repos_url": "https://api.github.com/users/povvke/repos",
            "site_admin": false,
            "starred_url": "https://api.github.com/users/povvke/starred{/owner}{/repo}",
            "subscriptions_url": "https://api.github.com/users/povvke/subscriptions",
            "type": "User",
            "url": "https://api.github.com/users/povvke",
            "user_view_type": "public"
        },
        {
            "avatar_url": "https://avatars.githubusercontent.com/u/117505144?v=4",
            "contributions": 1,
            "events_url": "https://api.github.com/users/s0me1newithhand7s/events{/privacy}",
            "followers_url": "https://api.github.com/users/s0me1newithhand7s/followers",
            "following_url": "https://api.github.com/users/s0me1newithhand7s/following{/other_user}",
            "gists_url": "https://api.github.com/users/s0me1newithhand7s/gists{/gist_id}",
            "gravatar_id": "",
            "html_url": "https://github.com/s0me1newithhand7s",
            "id": 117505144,
            "login": "s0me1newithhand7s",
            "node_id": "U_kgDOBwD8eA",
            "organizations_url": "https://api.github.com/users/s0me1newithhand7s/orgs",
            "received_events_url": "https://api.github.com/users/s0me1newithhand7s/received_events",
            "repos_url": "https://api.github.com/users/s0me1newithhand7s/repos",
            "site_admin": false,
            "starred_url": "https://api.github.com/users/s0me1newithhand7s/starred{/owner}{/repo}",
            "subscriptions_url": "https://api.github.com/users/s0me1newithhand7s/subscriptions",
            "type": "User",
            "url": "https://api.github.com/users/s0me1newithhand7s",
            "user_view_type": "public"
        },
        {
            "avatar_url": "https://avatars.githubusercontent.com/u/8051577?v=4",
            "contributions": 1,
            "events_url": "https://api.github.com/users/nalakawula/events{/privacy}",
            "followers_url": "https://api.github.com/users/nalakawula/followers",
            "following_url": "https://api.github.com/users/nalakawula/following{/other_user}",
            "gists_url": "https://api.github.com/users/nalakawula/gists{/gist_id}",
            "gravatar_id": "",
            "html_url": "https://github.com/nalakawula",
            "id": 8051577,
            "login": "nalakawula",
            "node_id": "MDQ6VXNlcjgwNTE1Nzc=",
            "organizations_url": "https://api.github.com/users/nalakawula/orgs",
            "received_events_url": "https://api.github.com/users/nalakawula/received_events",
            "repos_url": "https://api.github.com/users/nalakawula/repos",
            "site_admin": false,
            "starred_url": "https://api.github.com/users/nalakawula/starred{/owner}{/repo}",
            "subscriptions_url": "https://api.github.com/users/nalakawula/subscriptions",
            "type": "User",
            "url": "https://api.github.com/users/nalakawula",
            "user_view_type": "public"
        },
        {
            "avatar_url": "https://avatars.githubusercontent.com/u/73490483?v=4",
            "contributions": 1,
            "events_url": "https://api.github.com/users/xdenotte/events{/privacy}",
            "followers_url": "https://api.github.com/users/xdenotte/followers",
            "following_url": "https://api.github.com/users/xdenotte/following{/other_user}",
            "gists_url": "https://api.github.com/users/xdenotte/gists{/gist_id}",
            "gravatar_id": "",
            "html_url": "https://github.com/xdenotte",
            "id": 73490483,
            "login": "xdenotte",
            "node_id": "MDQ6VXNlcjczNDkwNDgz",
            "organizations_url": "https://api.github.com/users/xdenotte/orgs",
            "received_events_url": "https://api.github.com/users/xdenotte/received_events",
            "repos_url": "https://api.github.com/users/xdenotte/repos",
            "site_admin": false,
            "starred_url": "https://api.github.com/users/xdenotte/starred{/owner}{/repo}",
            "subscriptions_url": "https://api.github.com/users/xdenotte/subscriptions",
            "type": "User",
            "url": "https://api.github.com/users/xdenotte",
            "user_view_type": "public"
        },
        {
            "avatar_url": "https://avatars.githubusercontent.com/u/147172351?v=4",
            "contributions": 1,
            "events_url": "https://api.github.com/users/Michael-C-Buckley/events{/privacy}",
            "followers_url": "https://api.github.com/users/Michael-C-Buckley/followers",
            "following_url": "https://api.github.com/users/Michael-C-Buckley/following{/other_user}",
            "gists_url": "https://api.github.com/users/Michael-C-Buckley/gists{/gist_id}",
            "gravatar_id": "",
            "html_url": "https://github.com/Michael-C-Buckley",
            "id": 147172351,
            "login": "Michael-C-Buckley",
            "node_id": "U_kgDOCMWr_w",
            "organizations_url": "https://api.github.com/users/Michael-C-Buckley/orgs",
            "received_events_url": "https://api.github.com/users/Michael-C-Buckley/received_events",
            "repos_url": "https://api.github.com/users/Michael-C-Buckley/repos",
            "site_admin": false,
            "starred_url": "https://api.github.com/users/Michael-C-Buckley/starred{/owner}{/repo}",
            "subscriptions_url": "https://api.github.com/users/Michael-C-Buckley/subscriptions",
            "type": "User",
            "url": "https://api.github.com/users/Michael-C-Buckley",
            "user_view_type": "public"
        },
        {
            "avatar_url": "https://avatars.githubusercontent.com/u/28869010?v=4",
            "contributions": 1,
            "events_url": "https://api.github.com/users/LionHeartP/events{/privacy}",
            "followers_url": "https://api.github.com/users/LionHeartP/followers",
            "following_url": "https://api.github.com/users/LionHeartP/following{/other_user}",
            "gists_url": "https://api.github.com/users/LionHeartP/gists{/gist_id}",
            "gravatar_id": "",
            "html_url": "https://github.com/LionHeartP",
            "id": 28869010,
            "login": "LionHeartP",
            "node_id": "MDQ6VXNlcjI4ODY5MDEw",
            "organizations_url": "https://api.github.com/users/LionHeartP/orgs",
            "received_events_url": "https://api.github.com/users/LionHeartP/received_events",
            "repos_url": "https://api.github.com/users/LionHeartP/repos",
            "site_admin": false,
            "starred_url": "https://api.github.com/users/LionHeartP/starred{/owner}{/repo}",
            "subscriptions_url": "https://api.github.com/users/LionHeartP/subscriptions",
            "type": "User",
            "url": "https://api.github.com/users/LionHeartP",
            "user_view_type": "public"
        },
        {
            "avatar_url": "https://avatars.githubusercontent.com/u/2412819?v=4",
            "contributions": 1,
            "events_url": "https://api.github.com/users/knuesel/events{/privacy}",
            "followers_url": "https://api.github.com/users/knuesel/followers",
            "following_url": "https://api.github.com/users/knuesel/following{/other_user}",
            "gists_url": "https://api.github.com/users/knuesel/gists{/gist_id}",
            "gravatar_id": "",
            "html_url": "https://github.com/knuesel",
            "id": 2412819,
            "login": "knuesel",
            "node_id": "MDQ6VXNlcjI0MTI4MTk=",
            "organizations_url": "https://api.github.com/users/knuesel/orgs",
            "received_events_url": "https://api.github.com/users/knuesel/received_events",
            "repos_url": "https://api.github.com/users/knuesel/repos",
            "site_admin": false,
            "starred_url": "https://api.github.com/users/knuesel/starred{/owner}{/repo}",
            "subscriptions_url": "https://api.github.com/users/knuesel/subscriptions",
            "type": "User",
            "url": "https://api.github.com/users/knuesel",
            "user_view_type": "public"
        },
        {
            "avatar_url": "https://avatars.githubusercontent.com/u/2447303?v=4",
            "contributions": 1,
            "events_url": "https://api.github.com/users/tempusthales/events{/privacy}",
            "followers_url": "https://api.github.com/users/tempusthales/followers",
            "following_url": "https://api.github.com/users/tempusthales/following{/other_user}",
            "gists_url": "https://api.github.com/users/tempusthales/gists{/gist_id}",
            "gravatar_id": "",
            "html_url": "https://github.com/tempusthales",
            "id": 2447303,
            "login": "tempusthales",
            "node_id": "MDQ6VXNlcjI0NDczMDM=",
            "organizations_url": "https://api.github.com/users/tempusthales/orgs",
            "received_events_url": "https://api.github.com/users/tempusthales/received_events",
            "repos_url": "https://api.github.com/users/tempusthales/repos",
            "site_admin": false,
            "starred_url": "https://api.github.com/users/tempusthales/starred{/owner}{/repo}",
            "subscriptions_url": "https://api.github.com/users/tempusthales/subscriptions",
            "type": "User",
            "url": "https://api.github.com/users/tempusthales",
            "user_view_type": "public"
        },
        {
            "avatar_url": "https://avatars.githubusercontent.com/u/10973664?v=4",
            "contributions": 1,
            "events_url": "https://api.github.com/users/ErinvanderVeen/events{/privacy}",
            "followers_url": "https://api.github.com/users/ErinvanderVeen/followers",
            "following_url": "https://api.github.com/users/ErinvanderVeen/following{/other_user}",
            "gists_url": "https://api.github.com/users/ErinvanderVeen/gists{/gist_id}",
            "gravatar_id": "",
            "html_url": "https://github.com/ErinvanderVeen",
            "id": 10973664,
            "login": "ErinvanderVeen",
            "node_id": "MDQ6VXNlcjEwOTczNjY0",
            "organizations_url": "https://api.github.com/users/ErinvanderVeen/orgs",
            "received_events_url": "https://api.github.com/users/ErinvanderVeen/received_events",
            "repos_url": "https://api.github.com/users/ErinvanderVeen/repos",
            "site_admin": false,
            "starred_url": "https://api.github.com/users/ErinvanderVeen/starred{/owner}{/repo}",
            "subscriptions_url": "https://api.github.com/users/ErinvanderVeen/subscriptions",
            "type": "User",
            "url": "https://api.github.com/users/ErinvanderVeen",
            "user_view_type": "public"
        },
        {
            "avatar_url": "https://avatars.githubusercontent.com/u/62473844?v=4",
            "contributions": 1,
            "events_url": "https://api.github.com/users/EdenQwQ/events{/privacy}",
            "followers_url": "https://api.github.com/users/EdenQwQ/followers",
            "following_url": "https://api.github.com/users/EdenQwQ/following{/other_user}",
            "gists_url": "https://api.github.com/users/EdenQwQ/gists{/gist_id}",
            "gravatar_id": "",
            "html_url": "https://github.com/EdenQwQ",
            "id": 62473844,
            "login": "EdenQwQ",
            "node_id": "MDQ6VXNlcjYyNDczODQ0",
            "organizations_url": "https://api.github.com/users/EdenQwQ/orgs",
            "received_events_url": "https://api.github.com/users/EdenQwQ/received_events",
            "repos_url": "https://api.github.com/users/EdenQwQ/repos",
            "site_admin": false,
            "starred_url": "https://api.github.com/users/EdenQwQ/starred{/owner}{/repo}",
            "subscriptions_url": "https://api.github.com/users/EdenQwQ/subscriptions",
            "type": "User",
            "url": "https://api.github.com/users/EdenQwQ",
            "user_view_type": "public"
        },
        {
            "avatar_url": "https://avatars.githubusercontent.com/u/193112642?v=4",
            "contributions": 1,
            "events_url": "https://api.github.com/users/Drazzy9295/events{/privacy}",
            "followers_url": "https://api.github.com/users/Drazzy9295/followers",
            "following_url": "https://api.github.com/users/Drazzy9295/following{/other_user}",
            "gists_url": "https://api.github.com/users/Drazzy9295/gists{/gist_id}",
            "gravatar_id": "",
            "html_url": "https://github.com/Drazzy9295",
            "id": 193112642,
            "login": "Drazzy9295",
            "node_id": "U_kgDOC4KqQg",
            "organizations_url": "https://api.github.com/users/Drazzy9295/orgs",
            "received_events_url": "https://api.github.com/users/Drazzy9295/received_events",
            "repos_url": "https://api.github.com/users/Drazzy9295/repos",
            "site_admin": false,
            "starred_url": "https://api.github.com/users/Drazzy9295/starred{/owner}{/repo}",
            "subscriptions_url": "https://api.github.com/users/Drazzy9295/subscriptions",
            "type": "User",
            "url": "https://api.github.com/users/Drazzy9295",
            "user_view_type": "public"
        },
        {
            "avatar_url": "https://avatars.githubusercontent.com/u/240083?v=4",
            "contributions": 1,
            "events_url": "https://api.github.com/users/cdata/events{/privacy}",
            "followers_url": "https://api.github.com/users/cdata/followers",
            "following_url": "https://api.github.com/users/cdata/following{/other_user}",
            "gists_url": "https://api.github.com/users/cdata/gists{/gist_id}",
            "gravatar_id": "",
            "html_url": "https://github.com/cdata",
            "id": 240083,
            "login": "cdata",
            "node_id": "MDQ6VXNlcjI0MDA4Mw==",
            "organizations_url": "https://api.github.com/users/cdata/orgs",
            "received_events_url": "https://api.github.com/users/cdata/received_events",
            "repos_url": "https://api.github.com/users/cdata/repos",
            "site_admin": false,
            "starred_url": "https://api.github.com/users/cdata/starred{/owner}{/repo}",
            "subscriptions_url": "https://api.github.com/users/cdata/subscriptions",
            "type": "User",
            "url": "https://api.github.com/users/cdata",
            "user_view_type": "public"
        },
        {
            "avatar_url": "https://avatars.githubusercontent.com/u/115411576?v=4",
            "contributions": 1,
            "events_url": "https://api.github.com/users/BluewyDiamond/events{/privacy}",
            "followers_url": "https://api.github.com/users/BluewyDiamond/followers",
            "following_url": "https://api.github.com/users/BluewyDiamond/following{/other_user}",
            "gists_url": "https://api.github.com/users/BluewyDiamond/gists{/gist_id}",
            "gravatar_id": "",
            "html_url": "https://github.com/BluewyDiamond",
            "id": 115411576,
            "login": "BluewyDiamond",
            "node_id": "U_kgDOBuEKeA",
            "organizations_url": "https://api.github.com/users/BluewyDiamond/orgs",
            "received_events_url": "https://api.github.com/users/BluewyDiamond/received_events",
            "repos_url": "https://api.github.com/users/BluewyDiamond/repos",
            "site_admin": false,
            "starred_url": "https://api.github.com/users/BluewyDiamond/starred{/owner}{/repo}",
            "subscriptions_url": "https://api.github.com/users/BluewyDiamond/subscriptions",
            "type": "User",
            "url": "https://api.github.com/users/BluewyDiamond",
            "user_view_type": "public"
        },
        {
            "avatar_url": "https://avatars.githubusercontent.com/u/57827456?v=4",
            "contributions": 1,
            "events_url": "https://api.github.com/users/AlphaNecron/events{/privacy}",
            "followers_url": "https://api.github.com/users/AlphaNecron/followers",
            "following_url": "https://api.github.com/users/AlphaNecron/following{/other_user}",
            "gists_url": "https://api.github.com/users/AlphaNecron/gists{/gist_id}",
            "gravatar_id": "",
            "html_url": "https://github.com/AlphaNecron",
            "id": 57827456,
            "login": "AlphaNecron",
            "node_id": "MDQ6VXNlcjU3ODI3NDU2",
            "organizations_url": "https://api.github.com/users/AlphaNecron/orgs",
            "received_events_url": "https://api.github.com/users/AlphaNecron/received_events",
            "repos_url": "https://api.github.com/users/AlphaNecron/repos",
            "site_admin": false,
            "starred_url": "https://api.github.com/users/AlphaNecron/starred{/owner}{/repo}",
            "subscriptions_url": "https://api.github.com/users/AlphaNecron/subscriptions",
            "type": "User",
            "url": "https://api.github.com/users/AlphaNecron",
            "user_view_type": "public"
        },
        {
            "avatar_url": "https://avatars.githubusercontent.com/u/53148314?v=4",
            "contributions": 1,
            "events_url": "https://api.github.com/users/ahmet-cetinkaya/events{/privacy}",
            "followers_url": "https://api.github.com/users/ahmet-cetinkaya/followers",
            "following_url": "https://api.github.com/users/ahmet-cetinkaya/following{/other_user}",
            "gists_url": "https://api.github.com/users/ahmet-cetinkaya/gists{/gist_id}",
            "gravatar_id": "",
            "html_url": "https://github.com/ahmet-cetinkaya",
            "id": 53148314,
            "login": "ahmet-cetinkaya",
            "node_id": "MDQ6VXNlcjUzMTQ4MzE0",
            "organizations_url": "https://api.github.com/users/ahmet-cetinkaya/orgs",
            "received_events_url": "https://api.github.com/users/ahmet-cetinkaya/received_events",
            "repos_url": "https://api.github.com/users/ahmet-cetinkaya/repos",
            "site_admin": false,
            "starred_url": "https://api.github.com/users/ahmet-cetinkaya/starred{/owner}{/repo}",
            "subscriptions_url": "https://api.github.com/users/ahmet-cetinkaya/subscriptions",
            "type": "User",
            "url": "https://api.github.com/users/ahmet-cetinkaya",
            "user_view_type": "public"
        }
    ],
    "timestamp": 1762326931465,
    "version": "v2.21.1"
}
