{
  "backgroundPrimary": "#141415",
  "backgroundSecondary": "#202021",
  "backgroundTertiary": "#2C2C2C",
  
  "surface": "#272728",
  "surfaceVariant": "#373738",
  
  "textPrimary": "#E8E8E9",
  "textSecondary": "#D1D1D2",
  "textDisabled": "#8B8B8C",
  
  "accentPrimary": "#7B7F85",
  "accentSecondary": "#95999D",
  "accentTertiary": "#62666A",
  
  "error": "#8A8F87",
  "warning": "#A4A8A2",
  
  "highlight": "#B0B2B6",
  "rippleEffect": "#888C91",
  
  "onAccent": "#141415",
  "outline": "#5A5A5B",
  
  "shadow": "#141415",
  "overlay": "#141415"
}
